Feature,Mean_Abs_SHAP
CLR_1,0.055170793287403944
CLR_43,0.03152909456912726
CLR_17,0.030481562930831187
CLR_3,0.026864871625961406
CLR_14,0.023168051169271852
